{
  "EpisodeTimeStamps": {
    "24": {
      "opening_start": 133.34980233333334,
      "ending_start": 1239.3460513333332
    },
    "6": {
      "opening_start": 34.048929333333334,
      "ending_start": 1305.0808583333333
    },
    "7": {
      "opening_start": 130.087248,
      "ending_start": 1275.0314653333332
    },
    "19": {
      "opening_start": 484.0144903333333,
      "ending_start": 1245.0397683333333
    },
    "8": {
      "opening_start": 199.14129233333335,
      "ending_start": 1219.1106283333334
    },
    "4": {
      "opening_start": 174.99435233333335,
      "ending_start": 1275.0543963333332
    },
    "5": {
      "opening_start": 143.07691066666666,
      "ending_start": 1275.0604916666668
    },
    "14": {
      "opening_start": 204.46036233333334,
      "ending_start": 1245.0387333333333
    },
    "15": {
      "opening_start": 147.07351533333335,
      "ending_start": 1245.0139423333333
    },
    "16": {
      "opening_start": 233.04084333333336,
      "ending_start": 1245.0628963333334
    },
    "17": {
      "opening_start": 0,
      "ending_start": 1245.0712973333332
    },
    "23": {
      "opening_start": 347.0715123333333,
      "ending_start": 1245.0140853333332
    },
    "1": {
      "opening_start": 55,
      "ending_start": -1
    },
    "2": {
      "opening_start": 345.0564353333333,
      "ending_start": 1335.0835723333332
    },
    "3": {
      "opening_start": 192.02167233333336,
      "ending_start": 1275.0461373333333
    },
    "10": {
      "opening_start": 170.29292233333334,
      "ending_start": 1275.0636213333332
    },
    "21": {
      "opening_start": 312.99675533333334,
      "ending_start": 1284.9129943333332
    },
    "11": {
      "opening_start": 137.08378666666667,
      "ending_start": 1320.0824273333333
    },
    "20": {
      "opening_start": 66.06362433333332,
      "ending_start": 1284.9621253333332
    },
    "18": {
      "opening_start": 158.06890833333335,
      "ending_start": 1244.9972553333332
    },
    "9": {
      "opening_start": 276.0595233333333,
      "ending_start": 1305.0710163333333
    },
    "22": {
      "opening_start": 31.055615333333332,
      "ending_start": 1245.1439073333333
    },
    "13": {
      "opening_start": 290.08629533333334,
      "ending_start": 1245.0643893333333
    },
    "12": {
      "opening_start": 117.06041033333332,
      "ending_start": 1274.9919493333332
    }
  }
}